date,userId,loginFlag,firstLoginAtJst
2025-12-25,AJEH3V05QuRj9WkQva2LM8EO3vt2,1,2025-12-25T22:19:36
2025-10-21,DgApBqtxpeVE5G5MnIVw9ThpyN93,1,2025-10-21T10:56:52
2025-10-24,DgApBqtxpeVE5G5MnIVw9ThpyN93,1,2025-10-24T15:42:32
2025-10-27,DgApBqtxpeVE5G5MnIVw9ThpyN93,1,2025-10-27T13:51:43
2025-10-28,DgApBqtxpeVE5G5MnIVw9ThpyN93,1,2025-10-28T13:09:42
2025-11-02,DgApBqtxpeVE5G5MnIVw9ThpyN93,1,2025-11-02T02:08:58
2025-11-04,DgApBqtxpeVE5G5MnIVw9ThpyN93,1,2025-11-04T01:37:28
2025-11-05,DgApBqtxpeVE5G5MnIVw9ThpyN93,1,2025-11-05T23:53:13
2025-11-07,DgApBqtxpeVE5G5MnIVw9ThpyN93,1,2025-11-07T18:49:56
2025-11-12,DgApBqtxpeVE5G5MnIVw9ThpyN93,1,2025-11-12T13:38:59
2025-11-14,DgApBqtxpeVE5G5MnIVw9ThpyN93,1,2025-11-14T13:53:03
2025-11-17,DgApBqtxpeVE5G5MnIVw9ThpyN93,1,2025-11-17T13:08:16
2025-11-18,DgApBqtxpeVE5G5MnIVw9ThpyN93,1,2025-11-18T13:01:30
2025-11-19,DgApBqtxpeVE5G5MnIVw9ThpyN93,1,2025-11-19T16:15:37
2025-11-20,DgApBqtxpeVE5G5MnIVw9ThpyN93,1,2025-11-20T18:56:41
2025-11-24,DgApBqtxpeVE5G5MnIVw9ThpyN93,1,2025-11-24T13:43:19
2025-11-25,DgApBqtxpeVE5G5MnIVw9ThpyN93,1,2025-11-25T00:03:17
2025-11-28,DgApBqtxpeVE5G5MnIVw9ThpyN93,1,2025-11-28T00:38:40
2025-11-30,DgApBqtxpeVE5G5MnIVw9ThpyN93,1,2025-11-30T00:21:13
2025-12-01,DgApBqtxpeVE5G5MnIVw9ThpyN93,1,2025-12-01T14:11:58
2025-12-02,DgApBqtxpeVE5G5MnIVw9ThpyN93,1,2025-12-02T17:51:15
2025-12-04,DgApBqtxpeVE5G5MnIVw9ThpyN93,1,2025-12-04T00:03:37
2025-12-05,DgApBqtxpeVE5G5MnIVw9ThpyN93,1,2025-12-05T19:46:36
2025-12-08,DgApBqtxpeVE5G5MnIVw9ThpyN93,1,2025-12-08T22:20:28
2025-12-09,DgApBqtxpeVE5G5MnIVw9ThpyN93,1,2025-12-09T00:15:34
2025-12-15,DgApBqtxpeVE5G5MnIVw9ThpyN93,1,2025-12-15T01:47:17
2025-12-16,DgApBqtxpeVE5G5MnIVw9ThpyN93,1,2025-12-16T12:47:08
2025-12-17,DgApBqtxpeVE5G5MnIVw9ThpyN93,1,2025-12-17T18:06:12
2025-12-18,DgApBqtxpeVE5G5MnIVw9ThpyN93,1,2025-12-18T06:16:37
2025-12-19,DgApBqtxpeVE5G5MnIVw9ThpyN93,1,2025-12-19T00:00:07
2025-12-20,DgApBqtxpeVE5G5MnIVw9ThpyN93,1,2025-12-20T00:27:41
2025-12-21,DgApBqtxpeVE5G5MnIVw9ThpyN93,1,2025-12-21T01:29:54
2025-12-22,DgApBqtxpeVE5G5MnIVw9ThpyN93,1,2025-12-22T07:02:49
2025-12-23,DgApBqtxpeVE5G5MnIVw9ThpyN93,1,2025-12-23T11:20:12
2025-12-24,DgApBqtxpeVE5G5MnIVw9ThpyN93,1,2025-12-24T12:02:09
2025-12-25,DgApBqtxpeVE5G5MnIVw9ThpyN93,1,2025-12-25T09:18:17
2025-12-26,DgApBqtxpeVE5G5MnIVw9ThpyN93,1,2025-12-26T10:05:44
2025-12-28,DgApBqtxpeVE5G5MnIVw9ThpyN93,1,2025-12-28T14:18:53
2025-12-30,DgApBqtxpeVE5G5MnIVw9ThpyN93,1,2025-12-30T20:08:48
2025-12-31,DgApBqtxpeVE5G5MnIVw9ThpyN93,1,2025-12-31T00:11:34
2026-01-01,DgApBqtxpeVE5G5MnIVw9ThpyN93,1,2026-01-01T15:35:10
2026-01-02,DgApBqtxpeVE5G5MnIVw9ThpyN93,1,2026-01-02T14:04:19
2025-11-17,EyQHdJounoeN8h11wqvbDmuNK2j2,1,2025-11-17T14:52:26
2025-11-17,fPbo8M5sYpP78kgIe8EzCDRC7LI2,1,2025-11-17T15:02:48
2025-12-01,fPbo8M5sYpP78kgIe8EzCDRC7LI2,1,2025-12-01T14:43:16
2025-12-02,fPbo8M5sYpP78kgIe8EzCDRC7LI2,1,2025-12-02T18:27:43
2025-12-22,fPbo8M5sYpP78kgIe8EzCDRC7LI2,1,2025-12-22T18:57:02
2025-12-23,fPbo8M5sYpP78kgIe8EzCDRC7LI2,1,2025-12-23T23:57:47
2025-12-24,fPbo8M5sYpP78kgIe8EzCDRC7LI2,1,2025-12-24T04:00:28
2025-12-25,fPbo8M5sYpP78kgIe8EzCDRC7LI2,1,2025-12-25T20:09:27
2025-12-26,fPbo8M5sYpP78kgIe8EzCDRC7LI2,1,2025-12-26T12:36:39
2025-12-30,fPbo8M5sYpP78kgIe8EzCDRC7LI2,1,2025-12-30T23:45:16
2025-11-12,kKjlExmUwpbgqr7nXVgH1IY1q9X2,1,2025-11-12T14:13:20
2025-11-17,kKjlExmUwpbgqr7nXVgH1IY1q9X2,1,2025-11-17T13:24:25
2025-10-21,qEvovKzp9yTvyfV3IGR9OUERHbk1,1,2025-10-21T14:24:46
2025-12-02,qEvovKzp9yTvyfV3IGR9OUERHbk1,1,2025-12-02T18:31:10
2025-12-09,qEvovKzp9yTvyfV3IGR9OUERHbk1,1,2025-12-09T14:48:23
2025-12-22,qEvovKzp9yTvyfV3IGR9OUERHbk1,1,2025-12-22T13:49:23
2025-12-23,qEvovKzp9yTvyfV3IGR9OUERHbk1,1,2025-12-23T16:26:39
2025-12-30,qEvovKzp9yTvyfV3IGR9OUERHbk1,1,2025-12-30T18:56:34
2025-11-12,rUx0FYRn4VVVBGlZrlImHcqxql83,1,2025-11-12T14:16:22
2025-11-13,rUx0FYRn4VVVBGlZrlImHcqxql83,1,2025-11-13T00:11:16
2025-11-17,rUx0FYRn4VVVBGlZrlImHcqxql83,1,2025-11-17T21:00:18
2025-11-23,rUx0FYRn4VVVBGlZrlImHcqxql83,1,2025-11-23T11:53:32
2025-11-24,rUx0FYRn4VVVBGlZrlImHcqxql83,1,2025-11-24T14:00:29
2025-11-25,rUx0FYRn4VVVBGlZrlImHcqxql83,1,2025-11-25T13:13:05
2025-12-19,rUx0FYRn4VVVBGlZrlImHcqxql83,1,2025-12-19T19:48:40
2025-12-24,S8H5PVaf12PcKiBKEv04CiXEQrC3,1,2025-12-24T14:21:34
2025-12-19,Y4e0rFXs04NAU4tSBKi9tc4oWA73,1,2025-12-19T21:45:17
2025-12-21,Y4e0rFXs04NAU4tSBKi9tc4oWA73,1,2025-12-21T21:37:30
2025-11-22,Y8guHqhoS2XRWkxAJMSr6fqzmVD3,1,2025-11-22T13:43:29
2025-12-15,Y8guHqhoS2XRWkxAJMSr6fqzmVD3,1,2025-12-15T21:39:24
2025-12-20,Y8guHqhoS2XRWkxAJMSr6fqzmVD3,1,2025-12-20T00:50:42
2025-12-21,Y8guHqhoS2XRWkxAJMSr6fqzmVD3,1,2025-12-21T14:08:36
2025-12-22,Y8guHqhoS2XRWkxAJMSr6fqzmVD3,1,2025-12-22T13:41:16
2025-12-26,Y8guHqhoS2XRWkxAJMSr6fqzmVD3,1,2025-12-26T12:25:30
2025-10-21,Z9IYVixbY7QYdNBlmHkyIUEXMAI2,1,2025-10-21T13:15:36
2025-10-22,Z9IYVixbY7QYdNBlmHkyIUEXMAI2,1,2025-10-22T09:32:15
2025-10-23,Z9IYVixbY7QYdNBlmHkyIUEXMAI2,1,2025-10-23T11:46:09
2025-10-24,Z9IYVixbY7QYdNBlmHkyIUEXMAI2,1,2025-10-24T09:46:58
2025-10-27,Z9IYVixbY7QYdNBlmHkyIUEXMAI2,1,2025-10-27T09:31:41
2025-10-28,Z9IYVixbY7QYdNBlmHkyIUEXMAI2,1,2025-10-28T14:02:30
2025-11-04,Z9IYVixbY7QYdNBlmHkyIUEXMAI2,1,2025-11-04T11:22:11
2025-11-06,Z9IYVixbY7QYdNBlmHkyIUEXMAI2,1,2025-11-06T10:25:49
2025-11-07,Z9IYVixbY7QYdNBlmHkyIUEXMAI2,1,2025-11-07T16:18:15
2025-11-08,Z9IYVixbY7QYdNBlmHkyIUEXMAI2,1,2025-11-08T11:07:49
2025-11-10,Z9IYVixbY7QYdNBlmHkyIUEXMAI2,1,2025-11-10T09:53:35
2025-11-11,Z9IYVixbY7QYdNBlmHkyIUEXMAI2,1,2025-11-11T10:37:25
2025-11-12,Z9IYVixbY7QYdNBlmHkyIUEXMAI2,1,2025-11-12T09:32:53
2025-11-13,Z9IYVixbY7QYdNBlmHkyIUEXMAI2,1,2025-11-13T09:45:19
2025-11-14,Z9IYVixbY7QYdNBlmHkyIUEXMAI2,1,2025-11-14T16:16:15
2025-11-17,Z9IYVixbY7QYdNBlmHkyIUEXMAI2,1,2025-11-17T09:51:15
2025-11-18,Z9IYVixbY7QYdNBlmHkyIUEXMAI2,1,2025-11-18T10:03:20
2025-11-19,Z9IYVixbY7QYdNBlmHkyIUEXMAI2,1,2025-11-19T15:10:52
2025-11-20,Z9IYVixbY7QYdNBlmHkyIUEXMAI2,1,2025-11-20T12:12:49
2025-11-21,Z9IYVixbY7QYdNBlmHkyIUEXMAI2,1,2025-11-21T09:30:08
2025-11-22,Z9IYVixbY7QYdNBlmHkyIUEXMAI2,1,2025-11-22T11:21:16
2025-11-23,Z9IYVixbY7QYdNBlmHkyIUEXMAI2,1,2025-11-23T10:03:03
2025-11-24,Z9IYVixbY7QYdNBlmHkyIUEXMAI2,1,2025-11-24T09:33:12
2025-11-25,Z9IYVixbY7QYdNBlmHkyIUEXMAI2,1,2025-11-25T09:39:11
2025-11-26,Z9IYVixbY7QYdNBlmHkyIUEXMAI2,1,2025-11-26T09:41:13
2025-11-27,Z9IYVixbY7QYdNBlmHkyIUEXMAI2,1,2025-11-27T09:48:11
2025-11-28,Z9IYVixbY7QYdNBlmHkyIUEXMAI2,1,2025-11-28T09:39:38
2025-11-29,Z9IYVixbY7QYdNBlmHkyIUEXMAI2,1,2025-11-29T09:31:23
2025-11-30,Z9IYVixbY7QYdNBlmHkyIUEXMAI2,1,2025-11-30T11:59:56
2025-12-01,Z9IYVixbY7QYdNBlmHkyIUEXMAI2,1,2025-12-01T12:35:28
2025-12-02,Z9IYVixbY7QYdNBlmHkyIUEXMAI2,1,2025-12-02T09:40:40
2025-12-03,Z9IYVixbY7QYdNBlmHkyIUEXMAI2,1,2025-12-03T13:13:15
2025-12-04,Z9IYVixbY7QYdNBlmHkyIUEXMAI2,1,2025-12-04T10:42:43
2025-12-05,Z9IYVixbY7QYdNBlmHkyIUEXMAI2,1,2025-12-05T09:44:10
2025-12-06,Z9IYVixbY7QYdNBlmHkyIUEXMAI2,1,2025-12-06T08:51:18
2025-12-07,Z9IYVixbY7QYdNBlmHkyIUEXMAI2,1,2025-12-07T09:44:48
2025-12-08,Z9IYVixbY7QYdNBlmHkyIUEXMAI2,1,2025-12-08T17:22:22
2025-12-09,Z9IYVixbY7QYdNBlmHkyIUEXMAI2,1,2025-12-09T09:36:25
2025-12-10,Z9IYVixbY7QYdNBlmHkyIUEXMAI2,1,2025-12-10T16:12:23
2025-12-11,Z9IYVixbY7QYdNBlmHkyIUEXMAI2,1,2025-12-11T10:00:32
2025-12-12,Z9IYVixbY7QYdNBlmHkyIUEXMAI2,1,2025-12-12T09:46:14
2025-12-13,Z9IYVixbY7QYdNBlmHkyIUEXMAI2,1,2025-12-13T09:32:34
2025-12-14,Z9IYVixbY7QYdNBlmHkyIUEXMAI2,1,2025-12-14T11:30:01
2025-12-15,Z9IYVixbY7QYdNBlmHkyIUEXMAI2,1,2025-12-15T09:51:42
2025-12-16,Z9IYVixbY7QYdNBlmHkyIUEXMAI2,1,2025-12-16T09:29:44
2025-12-17,Z9IYVixbY7QYdNBlmHkyIUEXMAI2,1,2025-12-17T13:10:33
2025-12-18,Z9IYVixbY7QYdNBlmHkyIUEXMAI2,1,2025-12-18T10:43:27
2025-12-19,Z9IYVixbY7QYdNBlmHkyIUEXMAI2,1,2025-12-19T09:30:14
2025-12-20,Z9IYVixbY7QYdNBlmHkyIUEXMAI2,1,2025-12-20T10:58:47
2025-12-24,Z9IYVixbY7QYdNBlmHkyIUEXMAI2,1,2025-12-24T11:41:59
2025-12-25,Z9IYVixbY7QYdNBlmHkyIUEXMAI2,1,2025-12-25T19:49:44
2025-12-26,Z9IYVixbY7QYdNBlmHkyIUEXMAI2,1,2025-12-26T13:07:05
2025-12-27,Z9IYVixbY7QYdNBlmHkyIUEXMAI2,1,2025-12-27T14:32:08
2025-12-28,Z9IYVixbY7QYdNBlmHkyIUEXMAI2,1,2025-12-28T15:54:34
2025-12-29,Z9IYVixbY7QYdNBlmHkyIUEXMAI2,1,2025-12-29T10:07:01
2025-12-30,Z9IYVixbY7QYdNBlmHkyIUEXMAI2,1,2025-12-30T17:47:47