__docPath,__docId,agent,createdAt,source
users/DgApBqtxpeVE5G5MnIVw9ThpyN93/logins/0eZ5m5ZWlpvMc6HPQege,0eZ5m5ZWlpvMc6HPQege,"Mozilla/5.0 (Windows NT 10.0; Win64; x64) AppleWebKit/537.36 (KHTML, like Gecko) Chrome/141.0.0.0 Safari/537.36",2025-11-12T05:10:31.329Z,web
users/DgApBqtxpeVE5G5MnIVw9ThpyN93/logins/0wHXaBDjqb11co5L6wMH,0wHXaBDjqb11co5L6wMH,"Mozilla/5.0 (Windows NT 10.0; Win64; x64) AppleWebKit/537.36 (KHTML, like Gecko) Chrome/142.0.0.0 Safari/537.36",2025-12-08T19:17:20.568Z,web
users/DgApBqtxpeVE5G5MnIVw9ThpyN93/logins/0xeKoDK1iOABbofA3MxY,0xeKoDK1iOABbofA3MxY,"Mozilla/5.0 (Windows NT 10.0; Win64; x64) AppleWebKit/537.36 (KHTML, like Gecko) Chrome/141.0.0.0 Safari/537.36",2025-10-24T06:42:32.138Z,web
users/DgApBqtxpeVE5G5MnIVw9ThpyN93/logins/1J4iWOgT2qnLIe5ZiZgg,1J4iWOgT2qnLIe5ZiZgg,"Mozilla/5.0 (Windows NT 10.0; Win64; x64) AppleWebKit/537.36 (KHTML, like Gecko) Chrome/142.0.0.0 Safari/537.36",2025-12-03T16:48:09.614Z,web
users/DgApBqtxpeVE5G5MnIVw9ThpyN93/logins/1QF10XEhid47H5F8wgNO,1QF10XEhid47H5F8wgNO,"Mozilla/5.0 (Windows NT 10.0; Win64; x64) AppleWebKit/537.36 (KHTML, like Gecko) Chrome/141.0.0.0 Safari/537.36",2025-11-07T10:35:10.817Z,web
users/DgApBqtxpeVE5G5MnIVw9ThpyN93/logins/2Jfc65dYIiAZYGhrQ8Ia,2Jfc65dYIiAZYGhrQ8Ia,"Mozilla/5.0 (Windows NT 10.0; Win64; x64) AppleWebKit/537.36 (KHTML, like Gecko) Chrome/142.0.0.0 Safari/537.36",2025-12-05T14:04:26.607Z,web
users/DgApBqtxpeVE5G5MnIVw9ThpyN93/logins/2U5YGhOWBmebfAoPdyrx,2U5YGhOWBmebfAoPdyrx,"Mozilla/5.0 (Windows NT 10.0; Win64; x64) AppleWebKit/537.36 (KHTML, like Gecko) Chrome/142.0.0.0 Safari/537.36",2025-11-27T18:10:06.877Z,web
users/DgApBqtxpeVE5G5MnIVw9ThpyN93/logins/3rdPRoCgQdyYNQlKTS0e,3rdPRoCgQdyYNQlKTS0e,"Mozilla/5.0 (Windows NT 10.0; Win64; x64) AppleWebKit/537.36 (KHTML, like Gecko) Chrome/142.0.0.0 Safari/537.36",2025-12-05T13:50:29.744Z,web
users/DgApBqtxpeVE5G5MnIVw9ThpyN93/logins/4EKAff1F1CvdEZTC74zR,4EKAff1F1CvdEZTC74zR,"Mozilla/5.0 (Windows NT 10.0; Win64; x64) AppleWebKit/537.36 (KHTML, like Gecko) Chrome/142.0.0.0 Safari/537.36",2025-11-17T04:26:22.315Z,web
users/DgApBqtxpeVE5G5MnIVw9ThpyN93/logins/512E3l83BrXs6gQ3EL67,512E3l83BrXs6gQ3EL67,"Mozilla/5.0 (Windows NT 10.0; Win64; x64) AppleWebKit/537.36 (KHTML, like Gecko) Chrome/142.0.0.0 Safari/537.36",2025-12-01T05:11:58.018Z,web
users/DgApBqtxpeVE5G5MnIVw9ThpyN93/logins/5XRb6OBxYCRFRd6XfkEq,5XRb6OBxYCRFRd6XfkEq,"Mozilla/5.0 (Windows NT 10.0; Win64; x64) AppleWebKit/537.36 (KHTML, like Gecko) Chrome/142.0.0.0 Safari/537.36",2025-11-24T05:10:48.604Z,web
users/DgApBqtxpeVE5G5MnIVw9ThpyN93/logins/5mbBSI5a4VMKoHcnuoux,5mbBSI5a4VMKoHcnuoux,"Mozilla/5.0 (Windows NT 10.0; Win64; x64) AppleWebKit/537.36 (KHTML, like Gecko) Chrome/142.0.0.0 Safari/537.36",2025-12-08T20:12:22.684Z,web
users/DgApBqtxpeVE5G5MnIVw9ThpyN93/logins/6J92EMz569MglbYTDFAf,6J92EMz569MglbYTDFAf,"Mozilla/5.0 (Windows NT 10.0; Win64; x64) AppleWebKit/537.36 (KHTML, like Gecko) Chrome/142.0.0.0 Safari/537.36",2025-11-27T16:42:26.587Z,web
users/DgApBqtxpeVE5G5MnIVw9ThpyN93/logins/6ObTP1YZjMCETHvrjRil,6ObTP1YZjMCETHvrjRil,"Mozilla/5.0 (Windows NT 10.0; Win64; x64) AppleWebKit/537.36 (KHTML, like Gecko) Chrome/142.0.0.0 Safari/537.36",2025-12-05T12:10:51.579Z,web
users/DgApBqtxpeVE5G5MnIVw9ThpyN93/logins/6W2OK0A5Jz3gZKEsvkqM,6W2OK0A5Jz3gZKEsvkqM,"Mozilla/5.0 (Windows NT 10.0; Win64; x64) AppleWebKit/537.36 (KHTML, like Gecko) Chrome/143.0.0.0 Safari/537.36",2025-12-17T11:20:05.024Z,web
users/DgApBqtxpeVE5G5MnIVw9ThpyN93/logins/7fUaKgubi9FNkbti6q0j,7fUaKgubi9FNkbti6q0j,"Mozilla/5.0 (Windows NT 10.0; Win64; x64) AppleWebKit/537.36 (KHTML, like Gecko) Chrome/141.0.0.0 Safari/537.36",2025-10-21T02:30:32.558Z,web
users/DgApBqtxpeVE5G5MnIVw9ThpyN93/logins/7zBCN888Ekzq8cEPIBFA,7zBCN888Ekzq8cEPIBFA,"Mozilla/5.0 (Windows NT 10.0; Win64; x64) AppleWebKit/537.36 (KHTML, like Gecko) Chrome/142.0.0.0 Safari/537.36",2025-11-17T04:08:16.440Z,web
users/DgApBqtxpeVE5G5MnIVw9ThpyN93/logins/82fBwvdECFelFFSevuj2,82fBwvdECFelFFSevuj2,"Mozilla/5.0 (Windows NT 10.0; Win64; x64) AppleWebKit/537.36 (KHTML, like Gecko) Chrome/142.0.0.0 Safari/537.36",2025-12-08T17:52:02.551Z,web
users/DgApBqtxpeVE5G5MnIVw9ThpyN93/logins/8jYa4ce7EMURQBpaXgYy,8jYa4ce7EMURQBpaXgYy,"Mozilla/5.0 (Windows NT 10.0; Win64; x64) AppleWebKit/537.36 (KHTML, like Gecko) Chrome/142.0.0.0 Safari/537.36",2025-11-27T15:38:40.463Z,web
users/DgApBqtxpeVE5G5MnIVw9ThpyN93/logins/8yPH03yTA4HCUn00VP3F,8yPH03yTA4HCUn00VP3F,"Mozilla/5.0 (Windows NT 10.0; Win64; x64) AppleWebKit/537.36 (KHTML, like Gecko) Chrome/142.0.0.0 Safari/537.36",2025-11-18T04:01:30.783Z,web
users/DgApBqtxpeVE5G5MnIVw9ThpyN93/logins/95s3y2H5lfkbwWF8BBQP,95s3y2H5lfkbwWF8BBQP,"Mozilla/5.0 (Windows NT 10.0; Win64; x64) AppleWebKit/537.36 (KHTML, like Gecko) Chrome/142.0.0.0 Safari/537.36",2025-11-29T15:21:13.952Z,web
users/DgApBqtxpeVE5G5MnIVw9ThpyN93/logins/AgIkUT7rAGuSVVJGYqf4,AgIkUT7rAGuSVVJGYqf4,"Mozilla/5.0 (Windows NT 10.0; Win64; x64) AppleWebKit/537.36 (KHTML, like Gecko) Chrome/142.0.0.0 Safari/537.36",2025-11-18T06:24:06.849Z,web
users/DgApBqtxpeVE5G5MnIVw9ThpyN93/logins/AggucZrJXqLZFz9pFIyh,AggucZrJXqLZFz9pFIyh,"Mozilla/5.0 (iPhone; CPU iPhone OS 18_7 like Mac OS X) AppleWebKit/605.1.15 (KHTML, like Gecko) Version/26.1 Mobile/15E148 Safari/604.1",2025-11-27T18:48:29.393Z,web
users/DgApBqtxpeVE5G5MnIVw9ThpyN93/logins/B4ooZLy11TSmdZQU08VN,B4ooZLy11TSmdZQU08VN,"Mozilla/5.0 (Windows NT 10.0; Win64; x64) AppleWebKit/537.36 (KHTML, like Gecko) Chrome/142.0.0.0 Safari/537.36",2025-12-14T16:47:17.234Z,web
users/DgApBqtxpeVE5G5MnIVw9ThpyN93/logins/BQOQqDGB0PKJjApG16xE,BQOQqDGB0PKJjApG16xE,"Mozilla/5.0 (Windows NT 10.0; Win64; x64) AppleWebKit/537.36 (KHTML, like Gecko) Chrome/142.0.0.0 Safari/537.36",2025-12-14T18:41:51.117Z,web
users/DgApBqtxpeVE5G5MnIVw9ThpyN93/logins/Ba8TW7rahcnf1cUYmBL0,Ba8TW7rahcnf1cUYmBL0,"Mozilla/5.0 (Windows NT 10.0; Win64; x64) AppleWebKit/537.36 (KHTML, like Gecko) Chrome/142.0.0.0 Safari/537.36",2025-11-27T21:35:21.986Z,web
users/DgApBqtxpeVE5G5MnIVw9ThpyN93/logins/C6DewTX5uTOgU49Pp6Om,C6DewTX5uTOgU49Pp6Om,"Mozilla/5.0 (Windows NT 10.0; Win64; x64) AppleWebKit/537.36 (KHTML, like Gecko) Chrome/142.0.0.0 Safari/537.36",2025-12-05T10:46:36.460Z,web
users/DgApBqtxpeVE5G5MnIVw9ThpyN93/logins/CYlzgj85Tzp9sq66cmoL,CYlzgj85Tzp9sq66cmoL,"Mozilla/5.0 (Windows NT 10.0; Win64; x64) AppleWebKit/537.36 (KHTML, like Gecko) Chrome/142.0.0.0 Safari/537.36",2025-12-03T15:50:44.537Z,web
users/DgApBqtxpeVE5G5MnIVw9ThpyN93/logins/D19O3prkoIIdbqu65pra,D19O3prkoIIdbqu65pra,"Mozilla/5.0 (Windows NT 10.0; Win64; x64) AppleWebKit/537.36 (KHTML, like Gecko) Chrome/142.0.0.0 Safari/537.36",2025-11-24T08:00:53.110Z,web
users/DgApBqtxpeVE5G5MnIVw9ThpyN93/logins/DKr2zqhNkJG1ie5EpC51,DKr2zqhNkJG1ie5EpC51,"Mozilla/5.0 (Windows NT 10.0; Win64; x64) AppleWebKit/537.36 (KHTML, like Gecko) Chrome/142.0.0.0 Safari/537.36",2025-12-05T13:21:27.941Z,web
users/DgApBqtxpeVE5G5MnIVw9ThpyN93/logins/EdQrwFpT2Ykhfs8zltbr,EdQrwFpT2Ykhfs8zltbr,"Mozilla/5.0 (Windows NT 10.0; Win64; x64) AppleWebKit/537.36 (KHTML, like Gecko) Chrome/141.0.0.0 Safari/537.36",2025-11-14T04:53:03.389Z,web
users/DgApBqtxpeVE5G5MnIVw9ThpyN93/logins/FFKe88YfI9jLIZEDACv5,FFKe88YfI9jLIZEDACv5,"Mozilla/5.0 (Windows NT 10.0; Win64; x64) AppleWebKit/537.36 (KHTML, like Gecko) Chrome/142.0.0.0 Safari/537.36",2025-12-03T15:03:37.760Z,web
users/DgApBqtxpeVE5G5MnIVw9ThpyN93/logins/Gc18JxuVdsggr9CEeYjw,Gc18JxuVdsggr9CEeYjw,"Mozilla/5.0 (Windows NT 10.0; Win64; x64) AppleWebKit/537.36 (KHTML, like Gecko) Chrome/142.0.0.0 Safari/537.36",2025-11-27T17:29:18.770Z,web
users/DgApBqtxpeVE5G5MnIVw9ThpyN93/logins/GkkhQPkLBWOP334CbQlr,GkkhQPkLBWOP334CbQlr,"Mozilla/5.0 (iPhone; CPU iPhone OS 18_7 like Mac OS X) AppleWebKit/605.1.15 (KHTML, like Gecko) Version/26.0.1 Mobile/15E148 Safari/604.1",2025-11-12T05:15:29.119Z,web
users/DgApBqtxpeVE5G5MnIVw9ThpyN93/logins/H9PORMMd7u8sjLWlFUTo,H9PORMMd7u8sjLWlFUTo,"Mozilla/5.0 (Windows NT 10.0; Win64; x64) AppleWebKit/537.36 (KHTML, like Gecko) Chrome/142.0.0.0 Safari/537.36",2025-11-24T07:11:35.433Z,web
users/DgApBqtxpeVE5G5MnIVw9ThpyN93/logins/HJO1x4axxuBqrnwbX6oY,HJO1x4axxuBqrnwbX6oY,"Mozilla/5.0 (Windows NT 10.0; Win64; x64) AppleWebKit/537.36 (KHTML, like Gecko) Chrome/141.0.0.0 Safari/537.36",2025-10-21T07:41:21.435Z,web
users/DgApBqtxpeVE5G5MnIVw9ThpyN93/logins/HYWyZjOChjOJGMXTyF43,HYWyZjOChjOJGMXTyF43,"Mozilla/5.0 (Windows NT 10.0; Win64; x64) AppleWebKit/537.36 (KHTML, like Gecko) Chrome/143.0.0.0 Safari/537.36",2025-12-17T12:41:50.496Z,web
users/DgApBqtxpeVE5G5MnIVw9ThpyN93/logins/HmJEbTVkzeyTu9pOfnl5,HmJEbTVkzeyTu9pOfnl5,"Mozilla/5.0 (Windows NT 10.0; Win64; x64) AppleWebKit/537.36 (KHTML, like Gecko) Chrome/141.0.0.0 Safari/537.36",2025-10-28T10:33:46.056Z,web
users/DgApBqtxpeVE5G5MnIVw9ThpyN93/logins/Ht1oesRQu0ydrroc82Oa,Ht1oesRQu0ydrroc82Oa,"Mozilla/5.0 (Windows NT 10.0; Win64; x64) AppleWebKit/537.36 (KHTML, like Gecko) Chrome/142.0.0.0 Safari/537.36",2025-11-24T10:02:56.815Z,web
users/DgApBqtxpeVE5G5MnIVw9ThpyN93/logins/HyokFcJv7JPVZNOHZt5A,HyokFcJv7JPVZNOHZt5A,"Mozilla/5.0 (Windows NT 10.0; Win64; x64) AppleWebKit/537.36 (KHTML, like Gecko) Chrome/142.0.0.0 Safari/537.36",2025-12-14T19:04:05.567Z,web
users/DgApBqtxpeVE5G5MnIVw9ThpyN93/logins/IkQjE8vNuhT9AXsTxUxA,IkQjE8vNuhT9AXsTxUxA,"Mozilla/5.0 (Windows NT 10.0; Win64; x64) AppleWebKit/537.36 (KHTML, like Gecko) Chrome/142.0.0.0 Safari/537.36",2025-12-08T16:20:26.173Z,web
users/DgApBqtxpeVE5G5MnIVw9ThpyN93/logins/IlUdYo785CDtWBRO0G43,IlUdYo785CDtWBRO0G43,"Mozilla/5.0 (Windows NT 10.0; Win64; x64) AppleWebKit/537.36 (KHTML, like Gecko) Chrome/142.0.0.0 Safari/537.36",2025-12-05T11:46:33.696Z,web
users/DgApBqtxpeVE5G5MnIVw9ThpyN93/logins/IlZj8wD8gXqp03wgPoec,IlZj8wD8gXqp03wgPoec,"Mozilla/5.0 (iPhone; CPU iPhone OS 18_7 like Mac OS X) AppleWebKit/605.1.15 (KHTML, like Gecko) Version/26.1 Mobile/15E148 Safari/604.1",2025-12-01T12:00:20.490Z,web
users/DgApBqtxpeVE5G5MnIVw9ThpyN93/logins/J92wOWohwKnevdMeE1eE,J92wOWohwKnevdMeE1eE,"Mozilla/5.0 (Windows NT 10.0; Win64; x64) AppleWebKit/537.36 (KHTML, like Gecko) Chrome/142.0.0.0 Safari/537.36",2025-11-28T07:10:01.821Z,web
users/DgApBqtxpeVE5G5MnIVw9ThpyN93/logins/JzMROnEbCUx2cQSAK65R,JzMROnEbCUx2cQSAK65R,"Mozilla/5.0 (Windows NT 10.0; Win64; x64) AppleWebKit/537.36 (KHTML, like Gecko) Chrome/141.0.0.0 Safari/537.36",2025-11-01T20:00:49.150Z,web
users/DgApBqtxpeVE5G5MnIVw9ThpyN93/logins/KbNEQtQcznS6Xjvbfz9n,KbNEQtQcznS6Xjvbfz9n,"Mozilla/5.0 (Windows NT 10.0; Win64; x64) AppleWebKit/537.36 (KHTML, like Gecko) Chrome/141.0.0.0 Safari/537.36",2025-11-12T07:05:28.474Z,web
users/DgApBqtxpeVE5G5MnIVw9ThpyN93/logins/LAAk2R9sUy1f5cbPEKwW,LAAk2R9sUy1f5cbPEKwW,"Mozilla/5.0 (Windows NT 10.0; Win64; x64) AppleWebKit/537.36 (KHTML, like Gecko) Chrome/142.0.0.0 Safari/537.36",2025-12-08T13:44:18.942Z,web
users/DgApBqtxpeVE5G5MnIVw9ThpyN93/logins/Lh7JLcbF509kebvd4zwE,Lh7JLcbF509kebvd4zwE,"Mozilla/5.0 (Windows NT 10.0; Win64; x64) AppleWebKit/537.36 (KHTML, like Gecko) Chrome/142.0.0.0 Safari/537.36",2025-12-05T13:39:04.656Z,web
users/DgApBqtxpeVE5G5MnIVw9ThpyN93/logins/M2913lexElmIljzlBWjo,M2913lexElmIljzlBWjo,"Mozilla/5.0 (Windows NT 10.0; Win64; x64) AppleWebKit/537.36 (KHTML, like Gecko) Chrome/142.0.0.0 Safari/537.36",2025-11-27T21:23:37.336Z,web
users/DgApBqtxpeVE5G5MnIVw9ThpyN93/logins/M8D0Xh5jqamD1ucc24aZ,M8D0Xh5jqamD1ucc24aZ,"Mozilla/5.0 (Windows NT 10.0; Win64; x64) AppleWebKit/537.36 (KHTML, like Gecko) Chrome/141.0.0.0 Safari/537.36",2025-11-01T17:08:58.052Z,web
users/DgApBqtxpeVE5G5MnIVw9ThpyN93/logins/Mp7sXIh36C41eVCvAXIz,Mp7sXIh36C41eVCvAXIz,"Mozilla/5.0 (Windows NT 10.0; Win64; x64) AppleWebKit/537.36 (KHTML, like Gecko) Chrome/142.0.0.0 Safari/537.36",2025-11-29T18:59:07.759Z,web
users/DgApBqtxpeVE5G5MnIVw9ThpyN93/logins/Mz5tenV6MCYIbQzkPwlj,Mz5tenV6MCYIbQzkPwlj,"Mozilla/5.0 (iPhone; CPU iPhone OS 18_7 like Mac OS X) AppleWebKit/605.1.15 (KHTML, like Gecko) Version/26.1 Mobile/15E148 Safari/604.1",2025-12-01T10:12:46.819Z,web
users/DgApBqtxpeVE5G5MnIVw9ThpyN93/logins/NRXjlEpwp2CWwBM1t9fI,NRXjlEpwp2CWwBM1t9fI,"Mozilla/5.0 (Windows NT 10.0; Win64; x64) AppleWebKit/537.36 (KHTML, like Gecko) Chrome/142.0.0.0 Safari/537.36",2025-11-27T16:53:42.295Z,web
users/DgApBqtxpeVE5G5MnIVw9ThpyN93/logins/On6Lo8TXGiFy8tyiyzRz,On6Lo8TXGiFy8tyiyzRz,"Mozilla/5.0 (Windows NT 10.0; Win64; x64) AppleWebKit/537.36 (KHTML, like Gecko) Chrome/142.0.0.0 Safari/537.36",2025-11-28T07:52:26.420Z,web
users/DgApBqtxpeVE5G5MnIVw9ThpyN93/logins/PzQJWS6CmynpeRdoE4VL,PzQJWS6CmynpeRdoE4VL,"Mozilla/5.0 (Windows NT 10.0; Win64; x64) AppleWebKit/537.36 (KHTML, like Gecko) Chrome/141.0.0.0 Safari/537.36",2025-11-07T10:32:24.984Z,web
users/DgApBqtxpeVE5G5MnIVw9ThpyN93/logins/QH35Dirij6nGI2oq2h0y,QH35Dirij6nGI2oq2h0y,"Mozilla/5.0 (Windows NT 10.0; Win64; x64) AppleWebKit/537.36 (KHTML, like Gecko) Chrome/142.0.0.0 Safari/537.36",2025-12-02T08:51:15.798Z,web
users/DgApBqtxpeVE5G5MnIVw9ThpyN93/logins/RQepLgWQ08cFOFhhn5IB,RQepLgWQ08cFOFhhn5IB,"Mozilla/5.0 (Windows NT 10.0; Win64; x64) AppleWebKit/537.36 (KHTML, like Gecko) Chrome/141.0.0.0 Safari/537.36",2025-11-14T12:06:53.111Z,web
users/DgApBqtxpeVE5G5MnIVw9ThpyN93/logins/SlYwrawFCa38IQEInt5l,SlYwrawFCa38IQEInt5l,"Mozilla/5.0 (Windows NT 10.0; Win64; x64) AppleWebKit/537.36 (KHTML, like Gecko) Chrome/142.0.0.0 Safari/537.36",2025-12-08T19:33:32.495Z,web
users/DgApBqtxpeVE5G5MnIVw9ThpyN93/logins/TDSeEu7BLQDJPVuxEy5P,TDSeEu7BLQDJPVuxEy5P,"Mozilla/5.0 (Windows NT 10.0; Win64; x64) AppleWebKit/537.36 (KHTML, like Gecko) Chrome/141.0.0.0 Safari/537.36",2025-10-21T01:56:52.794Z,web
users/DgApBqtxpeVE5G5MnIVw9ThpyN93/logins/UTxiQv4w0WLuwCzL1eGL,UTxiQv4w0WLuwCzL1eGL,"Mozilla/5.0 (Windows NT 10.0; Win64; x64) AppleWebKit/537.36 (KHTML, like Gecko) Chrome/141.0.0.0 Safari/537.36",2025-10-28T10:32:46.279Z,web
users/DgApBqtxpeVE5G5MnIVw9ThpyN93/logins/Uh2DdIWjNmmrNWyF805j,Uh2DdIWjNmmrNWyF805j,"Mozilla/5.0 (iPhone; CPU iPhone OS 18_7 like Mac OS X) AppleWebKit/605.1.15 (KHTML, like Gecko) Version/26.1 Mobile/15E148 Safari/604.1",2025-12-05T13:50:48.669Z,web
users/DgApBqtxpeVE5G5MnIVw9ThpyN93/logins/VHAIHIvBZZprxdFpCYfi,VHAIHIvBZZprxdFpCYfi,"Mozilla/5.0 (Windows NT 10.0; Win64; x64) AppleWebKit/537.36 (KHTML, like Gecko) Chrome/141.0.0.0 Safari/537.36",2025-10-28T04:09:42.682Z,web
users/DgApBqtxpeVE5G5MnIVw9ThpyN93/logins/VTJlEYjq1JOKOHv58O9k,VTJlEYjq1JOKOHv58O9k,"Mozilla/5.0 (Windows NT 10.0; Win64; x64) AppleWebKit/537.36 (KHTML, like Gecko) Chrome/142.0.0.0 Safari/537.36",2025-11-28T06:50:14.381Z,web
users/DgApBqtxpeVE5G5MnIVw9ThpyN93/logins/W4lV9DYfTsziEpFM1TX3,W4lV9DYfTsziEpFM1TX3,"Mozilla/5.0 (iPhone; CPU iPhone OS 18_7 like Mac OS X) AppleWebKit/605.1.15 (KHTML, like Gecko) Version/26.1 Mobile/15E148 Safari/604.1",2025-11-24T08:09:58.109Z,web
users/DgApBqtxpeVE5G5MnIVw9ThpyN93/logins/WJZl60U6yvz12kJT7Hrz,WJZl60U6yvz12kJT7Hrz,"Mozilla/5.0 (iPhone; CPU iPhone OS 18_7 like Mac OS X) AppleWebKit/605.1.15 (KHTML, like Gecko) Version/26.1 Mobile/15E148 Safari/604.1",2025-12-01T09:21:15.811Z,web
users/DgApBqtxpeVE5G5MnIVw9ThpyN93/logins/WfKBwPScxJepikEE6NEL,WfKBwPScxJepikEE6NEL,"Mozilla/5.0 (Windows NT 10.0; Win64; x64) AppleWebKit/537.36 (KHTML, like Gecko) Chrome/142.0.0.0 Safari/537.36",2025-11-27T22:03:02.962Z,web
users/DgApBqtxpeVE5G5MnIVw9ThpyN93/logins/WmMO0HRVX9w0NQuWmtaS,WmMO0HRVX9w0NQuWmtaS,"Mozilla/5.0 (iPhone; CPU iPhone OS 18_7 like Mac OS X) AppleWebKit/605.1.15 (KHTML, like Gecko) Version/26.1 Mobile/15E148 Safari/604.1",2025-11-29T19:00:10.137Z,web
users/DgApBqtxpeVE5G5MnIVw9ThpyN93/logins/XNyPuoxqlJTibNds5Feq,XNyPuoxqlJTibNds5Feq,"Mozilla/5.0 (Windows NT 10.0; Win64; x64) AppleWebKit/537.36 (KHTML, like Gecko) Chrome/142.0.0.0 Safari/537.36",2025-11-27T16:11:41.186Z,web
users/DgApBqtxpeVE5G5MnIVw9ThpyN93/logins/XSR2DOV3Xfazy6C1tqvu,XSR2DOV3Xfazy6C1tqvu,"Mozilla/5.0 (Windows NT 10.0; Win64; x64) AppleWebKit/537.36 (KHTML, like Gecko) Chrome/142.0.0.0 Safari/537.36",2025-11-28T07:35:45.910Z,web
users/DgApBqtxpeVE5G5MnIVw9ThpyN93/logins/XZoilgvRC0vEYGQT2Moi,XZoilgvRC0vEYGQT2Moi,"Mozilla/5.0 (Windows NT 10.0; Win64; x64) AppleWebKit/537.36 (KHTML, like Gecko) Chrome/141.0.0.0 Safari/537.36",2025-11-07T09:49:56.368Z,web
users/DgApBqtxpeVE5G5MnIVw9ThpyN93/logins/Xg3yc1WaQSCCleArxvD6,Xg3yc1WaQSCCleArxvD6,"Mozilla/5.0 (Windows NT 10.0; Win64; x64) AppleWebKit/537.36 (KHTML, like Gecko) Chrome/142.0.0.0 Safari/537.36",2025-11-27T20:08:04.479Z,web
users/DgApBqtxpeVE5G5MnIVw9ThpyN93/logins/XmWPPmDxvo7OCYOKXBBi,XmWPPmDxvo7OCYOKXBBi,"Mozilla/5.0 (Windows NT 10.0; Win64; x64) AppleWebKit/537.36 (KHTML, like Gecko) Chrome/141.0.0.0 Safari/537.36",2025-10-27T04:51:43.309Z,web
users/DgApBqtxpeVE5G5MnIVw9ThpyN93/logins/YHh9nzjDIQR0Fa1b3ARb,YHh9nzjDIQR0Fa1b3ARb,"Mozilla/5.0 (Windows NT 10.0; Win64; x64) AppleWebKit/537.36 (KHTML, like Gecko) Chrome/141.0.0.0 Safari/537.36",2025-11-03T20:39:38.853Z,web
users/DgApBqtxpeVE5G5MnIVw9ThpyN93/logins/YqJsdSbBx4JbZgWpFntj,YqJsdSbBx4JbZgWpFntj,"Mozilla/5.0 (Windows NT 10.0; Win64; x64) AppleWebKit/537.36 (KHTML, like Gecko) Chrome/141.0.0.0 Safari/537.36",2025-11-03T16:37:28.355Z,web
users/DgApBqtxpeVE5G5MnIVw9ThpyN93/logins/ZCD0ddROjEQTubpku2yT,ZCD0ddROjEQTubpku2yT,"Mozilla/5.0 (Windows NT 10.0; Win64; x64) AppleWebKit/537.36 (KHTML, like Gecko) Chrome/142.0.0.0 Safari/537.36",2025-11-27T18:27:23.261Z,web
users/DgApBqtxpeVE5G5MnIVw9ThpyN93/logins/ZyHWT53fcH1XogVwynNk,ZyHWT53fcH1XogVwynNk,"Mozilla/5.0 (Windows NT 10.0; Win64; x64) AppleWebKit/537.36 (KHTML, like Gecko) Chrome/142.0.0.0 Safari/537.36",2025-12-08T17:04:37.566Z,web
users/DgApBqtxpeVE5G5MnIVw9ThpyN93/logins/alAZs59RKsVSLlX5m37l,alAZs59RKsVSLlX5m37l,"Mozilla/5.0 (Windows NT 10.0; Win64; x64) AppleWebKit/537.36 (KHTML, like Gecko) Chrome/142.0.0.0 Safari/537.36",2025-11-29T16:08:28.706Z,web
users/DgApBqtxpeVE5G5MnIVw9ThpyN93/logins/bUbin9b2uy3195i26k2f,bUbin9b2uy3195i26k2f,"Mozilla/5.0 (Windows NT 10.0; Win64; x64) AppleWebKit/537.36 (KHTML, like Gecko) Chrome/142.0.0.0 Safari/537.36",2025-11-25T04:10:26.820Z,web
users/DgApBqtxpeVE5G5MnIVw9ThpyN93/logins/cMtgO9cz6bRpPZXbBS77,cMtgO9cz6bRpPZXbBS77,"Mozilla/5.0 (Windows NT 10.0; Win64; x64) AppleWebKit/537.36 (KHTML, like Gecko) Chrome/142.0.0.0 Safari/537.36",2025-11-20T10:27:42.887Z,web
users/DgApBqtxpeVE5G5MnIVw9ThpyN93/logins/cpsfPUiKIFqpyhMTuGep,cpsfPUiKIFqpyhMTuGep,"Mozilla/5.0 (iPhone; CPU iPhone OS 18_7 like Mac OS X) AppleWebKit/605.1.15 (KHTML, like Gecko) Version/26.1 Mobile/15E148 Safari/604.1",2025-12-01T07:56:44.119Z,web
users/DgApBqtxpeVE5G5MnIVw9ThpyN93/logins/dJRFoTqIG5aI6YuhyWSv,dJRFoTqIG5aI6YuhyWSv,"Mozilla/5.0 (Windows NT 10.0; Win64; x64) AppleWebKit/537.36 (KHTML, like Gecko) Chrome/142.0.0.0 Safari/537.36",2025-12-08T15:15:34.292Z,web
users/DgApBqtxpeVE5G5MnIVw9ThpyN93/logins/dPmz3ATC1eTbooPrxnI7,dPmz3ATC1eTbooPrxnI7,"Mozilla/5.0 (Windows NT 10.0; Win64; x64) AppleWebKit/537.36 (KHTML, like Gecko) Chrome/142.0.0.0 Safari/537.36",2025-12-09T07:13:30.218Z,web
users/DgApBqtxpeVE5G5MnIVw9ThpyN93/logins/dQuCPKpDysfNV2PB17dC,dQuCPKpDysfNV2PB17dC,"Mozilla/5.0 (Windows NT 10.0; Win64; x64) AppleWebKit/537.36 (KHTML, like Gecko) Chrome/142.0.0.0 Safari/537.36",2025-12-08T18:27:51.603Z,web
users/DgApBqtxpeVE5G5MnIVw9ThpyN93/logins/eYEE2NQOz5WBd5UCrCAQ,eYEE2NQOz5WBd5UCrCAQ,"Mozilla/5.0 (Windows NT 10.0; Win64; x64) AppleWebKit/537.36 (KHTML, like Gecko) Chrome/142.0.0.0 Safari/537.36",2025-12-08T13:20:28.350Z,web
users/DgApBqtxpeVE5G5MnIVw9ThpyN93/logins/fAhlNl1mslev3dKzUUmO,fAhlNl1mslev3dKzUUmO,"Mozilla/5.0 (Windows NT 10.0; Win64; x64) AppleWebKit/537.36 (KHTML, like Gecko) Chrome/141.0.0.0 Safari/537.36",2025-11-12T04:38:59.030Z,web
users/DgApBqtxpeVE5G5MnIVw9ThpyN93/logins/fi2tPj3uXD9BM0pumrkb,fi2tPj3uXD9BM0pumrkb,"Mozilla/5.0 (Windows NT 10.0; Win64; x64) AppleWebKit/537.36 (KHTML, like Gecko) Chrome/143.0.0.0 Safari/537.36",2025-12-17T09:23:07.193Z,web
users/DgApBqtxpeVE5G5MnIVw9ThpyN93/logins/hCaAE1IdmCinKoyujeD6,hCaAE1IdmCinKoyujeD6,"Mozilla/5.0 (Windows NT 10.0; Win64; x64) AppleWebKit/537.36 (KHTML, like Gecko) Chrome/142.0.0.0 Safari/537.36",2025-12-08T16:51:01.566Z,web
users/DgApBqtxpeVE5G5MnIVw9ThpyN93/logins/heEEwItq3eac6s9Mvshu,heEEwItq3eac6s9Mvshu,"Mozilla/5.0 (Windows NT 10.0; Win64; x64) AppleWebKit/537.36 (KHTML, like Gecko) Chrome/141.0.0.0 Safari/537.36",2025-11-01T17:22:49.646Z,web
users/DgApBqtxpeVE5G5MnIVw9ThpyN93/logins/hjwuKoBuHfTJCS9VQIRd,hjwuKoBuHfTJCS9VQIRd,"Mozilla/5.0 (Windows NT 10.0; Win64; x64) AppleWebKit/537.36 (KHTML, like Gecko) Chrome/143.0.0.0 Safari/537.36",2025-12-17T09:06:12.573Z,web
users/DgApBqtxpeVE5G5MnIVw9ThpyN93/logins/jLGHA2Xy5ukcoH3oq8EC,jLGHA2Xy5ukcoH3oq8EC,"Mozilla/5.0 (Windows NT 10.0; Win64; x64) AppleWebKit/537.36 (KHTML, like Gecko) Chrome/142.0.0.0 Safari/537.36",2025-11-27T21:50:37.995Z,web
users/DgApBqtxpeVE5G5MnIVw9ThpyN93/logins/jv12X9gff45UaMOzUVV7,jv12X9gff45UaMOzUVV7,"Mozilla/5.0 (Windows NT 10.0; Win64; x64) AppleWebKit/537.36 (KHTML, like Gecko) Chrome/143.0.0.0 Safari/537.36",2025-12-16T03:47:08.380Z,web
users/DgApBqtxpeVE5G5MnIVw9ThpyN93/logins/kO8kU0XXVJqJieLUHDkO,kO8kU0XXVJqJieLUHDkO,"Mozilla/5.0 (Windows NT 10.0; Win64; x64) AppleWebKit/537.36 (KHTML, like Gecko) Chrome/142.0.0.0 Safari/537.36",2025-12-08T20:36:00.190Z,web
users/DgApBqtxpeVE5G5MnIVw9ThpyN93/logins/kQM84hkbqrsKwE6pP6Ol,kQM84hkbqrsKwE6pP6Ol,"Mozilla/5.0 (Windows NT 10.0; Win64; x64) AppleWebKit/537.36 (KHTML, like Gecko) Chrome/142.0.0.0 Safari/537.36",2025-11-24T06:15:35.213Z,web
users/DgApBqtxpeVE5G5MnIVw9ThpyN93/logins/kqZH5dLshCtwyUxk90C5,kqZH5dLshCtwyUxk90C5,"Mozilla/5.0 (Windows NT 10.0; Win64; x64) AppleWebKit/537.36 (KHTML, like Gecko) Chrome/141.0.0.0 Safari/537.36",2025-11-03T20:40:39.430Z,web
users/DgApBqtxpeVE5G5MnIVw9ThpyN93/logins/lhHwsj48X12GCtO5Rmew,lhHwsj48X12GCtO5Rmew,"Mozilla/5.0 (Windows NT 10.0; Win64; x64) AppleWebKit/537.36 (KHTML, like Gecko) Chrome/142.0.0.0 Safari/537.36",2025-11-27T19:13:11.731Z,web
users/DgApBqtxpeVE5G5MnIVw9ThpyN93/logins/m3481tlw9BVdnjSBKj5h,m3481tlw9BVdnjSBKj5h,"Mozilla/5.0 (Windows NT 10.0; Win64; x64) AppleWebKit/537.36 (KHTML, like Gecko) Chrome/142.0.0.0 Safari/537.36",2025-12-08T15:43:51.790Z,web
users/DgApBqtxpeVE5G5MnIVw9ThpyN93/logins/m8t83yQD8iLlSx54oF02,m8t83yQD8iLlSx54oF02,"Mozilla/5.0 (Windows NT 10.0; Win64; x64) AppleWebKit/537.36 (KHTML, like Gecko) Chrome/142.0.0.0 Safari/537.36",2025-12-14T18:17:09.549Z,web
users/DgApBqtxpeVE5G5MnIVw9ThpyN93/logins/mbbcqhp8I1a1et97x7LT,mbbcqhp8I1a1et97x7LT,"Mozilla/5.0 (Windows NT 10.0; Win64; x64) AppleWebKit/537.36 (KHTML, like Gecko) Chrome/141.0.0.0 Safari/537.36",2025-10-21T05:11:46.719Z,web
users/DgApBqtxpeVE5G5MnIVw9ThpyN93/logins/n6oh388E6WqYZHy45MFC,n6oh388E6WqYZHy45MFC,"Mozilla/5.0 (Windows NT 10.0; Win64; x64) AppleWebKit/537.36 (KHTML, like Gecko) Chrome/142.0.0.0 Safari/537.36",2025-11-20T09:56:41.254Z,web
users/DgApBqtxpeVE5G5MnIVw9ThpyN93/logins/oJkXfq8FWhvFTcQMFBeF,oJkXfq8FWhvFTcQMFBeF,"Mozilla/5.0 (Windows NT 10.0; Win64; x64) AppleWebKit/537.36 (KHTML, like Gecko) Chrome/141.0.0.0 Safari/537.36",2025-10-21T04:48:40.290Z,web
users/DgApBqtxpeVE5G5MnIVw9ThpyN93/logins/ooKDlJSvPbfj0akAlVCt,ooKDlJSvPbfj0akAlVCt,"Mozilla/5.0 (Windows NT 10.0; Win64; x64) AppleWebKit/537.36 (KHTML, like Gecko) Chrome/141.0.0.0 Safari/537.36",2025-10-21T03:20:44.583Z,web
users/DgApBqtxpeVE5G5MnIVw9ThpyN93/logins/p9YBKC87CtwLQhj2oJnK,p9YBKC87CtwLQhj2oJnK,"Mozilla/5.0 (Windows NT 10.0; Win64; x64) AppleWebKit/537.36 (KHTML, like Gecko) Chrome/142.0.0.0 Safari/537.36",2025-11-24T08:19:33.760Z,web
users/DgApBqtxpeVE5G5MnIVw9ThpyN93/logins/pjvSXERqwI6a6G2q68QY,pjvSXERqwI6a6G2q68QY,"Mozilla/5.0 (Windows NT 10.0; Win64; x64) AppleWebKit/537.36 (KHTML, like Gecko) Chrome/142.0.0.0 Safari/537.36",2025-12-09T07:54:08.095Z,web
users/DgApBqtxpeVE5G5MnIVw9ThpyN93/logins/plIBHFUHFyDPWrbbqqP2,plIBHFUHFyDPWrbbqqP2,"Mozilla/5.0 (Windows NT 10.0; Win64; x64) AppleWebKit/537.36 (KHTML, like Gecko) Chrome/142.0.0.0 Safari/537.36",2025-11-18T07:14:09.930Z,web
users/DgApBqtxpeVE5G5MnIVw9ThpyN93/logins/q8gi9QjVllSvlR6dPx4N,q8gi9QjVllSvlR6dPx4N,"Mozilla/5.0 (iPhone; CPU iPhone OS 18_7 like Mac OS X) AppleWebKit/605.1.15 (KHTML, like Gecko) Version/26.0.1 Mobile/15E148 Safari/604.1",2025-11-05T14:53:13.538Z,web
users/DgApBqtxpeVE5G5MnIVw9ThpyN93/logins/qnJXdpzoFFkMMsF1j4c0,qnJXdpzoFFkMMsF1j4c0,"Mozilla/5.0 (Windows NT 10.0; Win64; x64) AppleWebKit/537.36 (KHTML, like Gecko) Chrome/141.0.0.0 Safari/537.36",2025-11-12T04:50:47.389Z,web
users/DgApBqtxpeVE5G5MnIVw9ThpyN93/logins/s8vkHgktJVPGXaPvCxWD,s8vkHgktJVPGXaPvCxWD,"Mozilla/5.0 (Windows NT 10.0; Win64; x64) AppleWebKit/537.36 (KHTML, like Gecko) Chrome/142.0.0.0 Safari/537.36",2025-12-08T17:29:26.369Z,web
users/DgApBqtxpeVE5G5MnIVw9ThpyN93/logins/sL8L09yGWLWuj8M2CWqD,sL8L09yGWLWuj8M2CWqD,"Mozilla/5.0 (Windows NT 10.0; Win64; x64) AppleWebKit/537.36 (KHTML, like Gecko) Chrome/142.0.0.0 Safari/537.36",2025-11-27T16:26:28.911Z,web
users/DgApBqtxpeVE5G5MnIVw9ThpyN93/logins/sNwCa146QiuK3lMUmYUQ,sNwCa146QiuK3lMUmYUQ,"Mozilla/5.0 (Windows NT 10.0; Win64; x64) AppleWebKit/537.36 (KHTML, like Gecko) Chrome/142.0.0.0 Safari/537.36",2025-11-17T06:00:31.678Z,web
users/DgApBqtxpeVE5G5MnIVw9ThpyN93/logins/tHKEmxAFQFWqt1vEJerg,tHKEmxAFQFWqt1vEJerg,"Mozilla/5.0 (Windows NT 10.0; Win64; x64) AppleWebKit/537.36 (KHTML, like Gecko) Chrome/142.0.0.0 Safari/537.36",2025-12-05T12:33:02.484Z,web
users/DgApBqtxpeVE5G5MnIVw9ThpyN93/logins/uQP2H2ImMtRkaN4cS1ns,uQP2H2ImMtRkaN4cS1ns,"Mozilla/5.0 (Windows NT 10.0; Win64; x64) AppleWebKit/537.36 (KHTML, like Gecko) Chrome/142.0.0.0 Safari/537.36",2025-12-05T11:07:32.110Z,web
users/DgApBqtxpeVE5G5MnIVw9ThpyN93/logins/ubPr3neOlaIZW9Fadtdw,ubPr3neOlaIZW9Fadtdw,"Mozilla/5.0 (Windows NT 10.0; Win64; x64) AppleWebKit/537.36 (KHTML, like Gecko) Chrome/141.0.0.0 Safari/537.36",2025-10-21T05:02:53.133Z,web
users/DgApBqtxpeVE5G5MnIVw9ThpyN93/logins/ukL0Ez0qiOnKxV3HBGvX,ukL0Ez0qiOnKxV3HBGvX,"Mozilla/5.0 (Windows NT 10.0; Win64; x64) AppleWebKit/537.36 (KHTML, like Gecko) Chrome/142.0.0.0 Safari/537.36",2025-11-19T07:15:37.106Z,web
users/DgApBqtxpeVE5G5MnIVw9ThpyN93/logins/vJ30CpNSiBLQSon205Ij,vJ30CpNSiBLQSon205Ij,"Mozilla/5.0 (iPhone; CPU iPhone OS 18_7 like Mac OS X) AppleWebKit/605.1.15 (KHTML, like Gecko) Version/26.1 Mobile/15E148 Safari/604.1",2025-12-08T15:22:31.404Z,web
users/DgApBqtxpeVE5G5MnIVw9ThpyN93/logins/vbZlj6gEfOkbf7pJB4bh,vbZlj6gEfOkbf7pJB4bh,"Mozilla/5.0 (Windows NT 10.0; Win64; x64) AppleWebKit/537.36 (KHTML, like Gecko) Chrome/142.0.0.0 Safari/537.36",2025-12-08T17:41:57.358Z,web
users/DgApBqtxpeVE5G5MnIVw9ThpyN93/logins/vo0YvyXqJN2fY30dEBpU,vo0YvyXqJN2fY30dEBpU,"Mozilla/5.0 (iPhone; CPU iPhone OS 18_7 like Mac OS X) AppleWebKit/605.1.15 (KHTML, like Gecko) Version/26.1 Mobile/15E148 Safari/604.1",2025-11-24T08:23:53.779Z,web
users/DgApBqtxpeVE5G5MnIVw9ThpyN93/logins/w59y9pcfOx62TbaWhwys,w59y9pcfOx62TbaWhwys,"Mozilla/5.0 (Windows NT 10.0; Win64; x64) AppleWebKit/537.36 (KHTML, like Gecko) Chrome/142.0.0.0 Safari/537.36",2025-12-08T17:14:54.172Z,web
users/DgApBqtxpeVE5G5MnIVw9ThpyN93/logins/xc9usHtC5wHjcqqYuc8o,xc9usHtC5wHjcqqYuc8o,"Mozilla/5.0 (Windows NT 10.0; Win64; x64) AppleWebKit/537.36 (KHTML, like Gecko) Chrome/141.0.0.0 Safari/537.36",2025-11-07T10:18:01.748Z,web
users/DgApBqtxpeVE5G5MnIVw9ThpyN93/logins/yT3keWIo2wE6gubnFtpf,yT3keWIo2wE6gubnFtpf,"Mozilla/5.0 (Windows NT 10.0; Win64; x64) AppleWebKit/537.36 (KHTML, like Gecko) Chrome/142.0.0.0 Safari/537.36",2025-11-28T08:18:50.051Z,web
users/DgApBqtxpeVE5G5MnIVw9ThpyN93/logins/ydMCw8uY1qrJWbX1C2xg,ydMCw8uY1qrJWbX1C2xg,"Mozilla/5.0 (iPhone; CPU iPhone OS 18_7 like Mac OS X) AppleWebKit/605.1.15 (KHTML, like Gecko) Version/26.1 Mobile/15E148 Safari/604.1",2025-11-24T15:03:17.710Z,web
users/DgApBqtxpeVE5G5MnIVw9ThpyN93/logins/yhSI4eD7x9FqbpvB02Ph,yhSI4eD7x9FqbpvB02Ph,"Mozilla/5.0 (Windows NT 10.0; Win64; x64) AppleWebKit/537.36 (KHTML, like Gecko) Chrome/142.0.0.0 Safari/537.36",2025-11-24T05:54:33.647Z,web
users/DgApBqtxpeVE5G5MnIVw9ThpyN93/logins/zk3892KVVYlkaehJe2pe,zk3892KVVYlkaehJe2pe,"Mozilla/5.0 (Windows NT 10.0; Win64; x64) AppleWebKit/537.36 (KHTML, like Gecko) Chrome/142.0.0.0 Safari/537.36",2025-11-24T04:43:19.026Z,web
users/DgApBqtxpeVE5G5MnIVw9ThpyN93/logins/zvLsaIwBIOpWEATYn0N7,zvLsaIwBIOpWEATYn0N7,"Mozilla/5.0 (Windows NT 10.0; Win64; x64) AppleWebKit/537.36 (KHTML, like Gecko) Chrome/142.0.0.0 Safari/537.36",2025-12-09T03:58:27.582Z,web